[
 {
  "id": 1,
  "nome": "Aline Wirley",
  "idade": 41,
  "ocupacao": "Cantora",
  "cidade": "Cachoeira Paulista",
  "uf": "SP",
  "regiao": "SE",
  "nacionalidade": "brasileira",
  "grupo": "Camarote",
  "sexo_biologico": "mulher",
  "cor_etnia": "negra",
  "imagem": "aline-wirley"
 },
 {
  "id": 2,
  "nome": "Amanda",
  "idade": 31,
  "ocupacao": "Médica",
  "cidade": "Campo Largo",
  "uf": "PR",
  "regiao": "S",
  "nacionalidade": "brasileira",
  "grupo": "Pipoca",
  "sexo_biologico": "mulher",
  "cor_etnia": "branca",
  "imagem": "amanda"
 },
 {
  "id": 3,
  "nome": "Antonio \"Cara de Sapato\" Jr",
  "idade": 32,
  "ocupacao": "Lutador de MMA",
  "cidade": "João Pessoa",
  "uf": "PB",
  "regiao": "NE",
  "nacionalidade": "brasileiro",
  "grupo": "Camarote",
  "sexo_biologico": "homem",
  "cor_etnia": "branca",
  "imagem": "antonio-cara-de-sapato-jr"
 },
 {
  "id": 4,
  "nome": "Bruna Griphao",
  "idade": 23,
  "ocupacao": "Atriz",
  "cidade": "Rio de Janeiro",
  "uf": "RJ",
  "regiao": "SE",
  "nacionalidade": "brasileira",
  "grupo": "Camarote",
  "sexo_biologico": "mulher",
  "cor_etnia": "branca",
  "imagem": "bruna-griphao"
 },
 {
  "id": 5,
  "nome": "Bruno",
  "idade": 32,
  "ocupacao": "Atendente de Farmácia",
  "cidade": "São José da Laje",
  "uf": "AL",
  "regiao": "NE",
  "nacionalidade": "brasileiro",
  "grupo": "Pipoca",
  "sexo_biologico": "homem",
  "cor_etnia": "negra",
  "imagem": "bruno"
 },
 {
  "id": 6,
  "nome": "Cezar",
  "idade": 34,
  "ocupacao": "Enfermeiro",
  "cidade": "Salvador",
  "uf": "BA",
  "regiao": "NE",
  "nacionalidade": "brasileiro",
  "grupo": "Pipoca",
  "sexo_biologico": "homem",
  "cor_etnia": "negra",
  "imagem": "cezar"
 },
 {
  "id": 7,
  "nome": "Cristian",
  "idade": 32,
  "ocupacao": "Empresário",
  "cidade": "Caxias do Sul",
  "uf": "RS",
  "regiao": "S",
  "nacionalidade": "brasileiro",
  "grupo": "Pipoca",
  "sexo_biologico": "homem",
  "cor_etnia": "branca",
  "imagem": "cristian"
 },
 {
  "id": 8,
  "nome": "Domitila Barros",
  "idade": 38,
  "ocupacao": "Modelo e Ativista Social",
  "cidade": "Recife",
  "uf": "PE",
  "regiao": "NE",
  "nacionalidade": "brasileira",
  "grupo": "Camarote",
  "sexo_biologico": "mulher",
  "cor_etnia": "negra",
  "imagem": "domitila-barros"
 },
 {
  "id": 9,
  "nome": "Fred",
  "idade": 33,
  "ocupacao": "Jornalista e Influencer",
  "cidade": "São Paulo",
  "uf": "SP",
  "regiao": "SE",
  "nacionalidade": "brasileiro",
  "grupo": "Camarote",
  "sexo_biologico": "homem",
  "cor_etnia": "branca",
  "imagem": "fred"
 },
 {
  "id": 10,
  "nome": "Fred Nicácio",
  "idade": 35,
  "ocupacao": "Médico e Fisioterapeuta",
  "cidade": "Campos dos Goytacazes",
  "uf": "RJ",
  "regiao": "SE",
  "nacionalidade": "brasileiro",
  "grupo": "Camarote",
  "sexo_biologico": "homem",
  "cor_etnia": "negra",
  "imagem": "fred-nicacio"
 },
 {
  "id": 11,
  "nome": "Gabriel",
  "idade": 24,
  "ocupacao": "Administrador",
  "cidade": "Ribeirão Preto",
  "uf": "SP",
  "regiao": "SE",
  "nacionalidade": "brasileiro",
  "grupo": "Pipoca",
  "sexo_biologico": "homem",
  "cor_etnia": "branca",
  "imagem": "gabriel"
 },
 {
  "id": 12,
  "nome": "Gabriel Santana",
  "idade": 23,
  "ocupacao": "Ator",
  "cidade": "São Paulo",
  "uf": "SP",
  "regiao": "SE",
  "nacionalidade": "brasileiro",
  "grupo": "Camarote",
  "sexo_biologico": "homem",
  "cor_etnia": "parda",
  "imagem": "gabriel-santana"
 },
 {
  "id": 13,
  "nome": "Gustavo",
  "idade": 27,
  "ocupacao": "Fazendeiro e Empresário",
  "cidade": "Primavera do Leste",
  "uf": "MT",
  "regiao": "CO",
  "nacionalidade": "brasileiro",
  "grupo": "Pipoca",
  "sexo_biologico": "homem",
  "cor_etnia": "branca",
  "imagem": "gustavo"
 },
 {
  "id": 14,
  "nome": "Key Alves",
  "idade": 23,
  "ocupacao": "Jogadora de Vôlei",
  "cidade": "Bauru",
  "uf": "SP",
  "regiao": "SE",
  "nacionalidade": "brasileira",
  "grupo": "Camarote",
  "sexo_biologico": "mulher",
  "cor_etnia": "parda",
  "imagem": "key-alves"
 },
 {
  "id": 15,
  "nome": "Larissa",
  "idade": 24,
  "ocupacao": "Professora de Educação Física",
  "cidade": "Criciúma",
  "uf": "SC",
  "regiao": "S",
  "nacionalidade": "brasileira",
  "grupo": "Pipoca",
  "sexo_biologico": "mulher",
  "cor_etnia": "branca",
  "imagem": "larissa"
 },
 {
  "id": 16,
  "nome": "Marília",
  "idade": 32,
  "ocupacao": "Maquiadora e Influencer",
  "cidade": "Natal",
  "uf": "RN",
  "regiao": "NE",
  "nacionalidade": "brasileira",
  "grupo": "Pipoca",
  "sexo_biologico": "mulher",
  "cor_etnia": "branca",
  "imagem": "marilia"
 },
 {
  "id": 17,
  "nome": "Marvvila",
  "idade": 23,
  "ocupacao": "Cantora",
  "cidade": "Rio de Janeiro",
  "uf": "RJ",
  "regiao": "SE",
  "nacionalidade": "brasileira",
  "grupo": "Camarote",
  "sexo_biologico": "mulher",
  "cor_etnia": "negra",
  "imagem": "marvvila"
 },
 {
  "id": 18,
  "nome": "Mc Guimê",
  "idade": 30,
  "ocupacao": "Cantor e Compositor",
  "cidade": "Osasco",
  "uf": "SP",
  "regiao": "SE",
  "nacionalidade": "brasileiro",
  "grupo": "Camarote",
  "sexo_biologico": "homem",
  "cor_etnia": "branca",
  "imagem": "mc-guime"
 },
 {
  "id": 19,
  "nome": "Paula",
  "idade": 28,
  "ocupacao": "Biomédica",
  "cidade": "Jacundá",
  "uf": "PA",
  "regiao": "N",
  "nacionalidade": "brasileira",
  "grupo": "Pipoca",
  "sexo_biologico": "mulher",
  "cor_etnia": "parda",
  "imagem": "paula"
 },
 {
  "id": 20,
  "nome": "Ricardo",
  "idade": 30,
  "ocupacao": "Biomédico",
  "cidade": "Aracaju",
  "uf": "SE",
  "regiao": "NE",
  "nacionalidade": "brasileiro",
  "grupo": "Pipoca",
  "sexo_biologico": "homem",
  "cor_etnia": "parda",
  "imagem": "ricardo"
 },
 {
  "id": 21,
  "nome": "Sarah Aline",
  "idade": 25,
  "ocupacao": "Psicóloga e Analista de Diversidade",
  "cidade": "Osasco",
  "uf": "SP",
  "regiao": "SE",
  "nacionalidade": "brasileira",
  "grupo": "Pipoca",
  "sexo_biologico": "mulher",
  "cor_etnia": "negra",
  "imagem": "sarah-aline"
 },
 {
  "id": 22,
  "nome": "Tina",
  "idade": 29,
  "ocupacao": "Analista de Marketing e Modelo",
  "cidade": "Benguela - Angola (SP)",
  "uf": "SP",
  "regiao": "SE",
  "nacionalidade": "angolana",
  "grupo": "Pipoca",
  "sexo_biologico": "mulher",
  "cor_etnia": "negra",
  "imagem": "tina"
 }
]